Business,Shark,Invested Amount,Category,Entrepreneur Gender,Total Deals,Closed Deals,Percent Closed
Classroom Jams,Barbara Corcoran,50000,Children/Education,Male,102,62,0.607843137
Stress Free Kids,Barbara Corcoran,250000,Children/Education,Female,102,62,0.607843137
Coverplay,Barbara Corcoran,35000,Children/Education,Female,102,62,0.607843137
Body Jac,Barbara Corcoran,180000,Fitness/Sports/Outdoors,Male,101,60,0.594059406
Pork Barrel BBQ Sauce,Barbara Corcoran,50000,Food and Beverage,Male,202,115,0.569306931
Treasure Chest Pets,Barbara Corcoran,50000,Pet Products,Female,43,25,0.581395349
Notehall,Barbara Corcoran,90000,Software/Tech,Male,63,34,0.53968254
Gayla Bentley Fashion,Barbara Corcoran,125000,Fashion/Beauty,Female,178,93,0.52247191
Chill Soda,Barbara Corcoran,50000,Food and Beverage,Male,202,115,0.569306931
Chef In Black,Barbara Corcoran,50000,Food and Beverage,Female,202,115,0.569306931
Grease Monkey Wipes,Barbara Corcoran,20000,Lifestyle/Home,Mixed Team,159,98,0.616352201
Lipstick Remix,Barbara Corcoran,35000,Fashion/Beauty,Female,178,93,0.52247191
Wurkin Stiffs,Barbara Corcoran,50000,Fashion/Beauty,Male,178,93,0.52247191
Tippi Toes,Barbara Corcoran,50000,Fitness/Sports/Outdoors,Female,101,60,0.594059406
Broccoli Wad,Barbara Corcoran,50000,Food and Beverage,Male,202,115,0.569306931
Ride-On Carry-On,Barbara Corcoran,50000,Travel,Mixed Team,11,5,0.454545455
Fridge Fronts,Barbara Corcoran,50000,Lifestyle/Home,Female,159,98,0.616352201
Daisy Cakes,Barbara Corcoran,50000,Food and Beverage,Female,202,115,0.569306931
Aldo Orta Jewelry,Barbara Corcoran,90000,Fashion/Beauty,Male,178,93,0.52247191
The Smart Baker,Barbara Corcoran,75000,Food and Beverage,Mixed Team,202,115,0.569306931
Nardo's Natural,Barbara Corcoran,75000,Fashion/Beauty,Male,178,93,0.52247191
Villy Customs,Barbara Corcoran,250000,Fitness/Sports/Outdoors,Male,101,60,0.594059406
Boot Illusions,Barbara Corcoran,250000,Fashion/Beauty,Mixed Team,178,93,0.52247191
Wild Squirrel Nut Butter,Barbara Corcoran,50000,Food and Beverage,Female,202,115,0.569306931
Mix Bikini,Barbara Corcoran,50000,Fashion/Beauty,Male,178,93,0.52247191
Bev Buckle,Barbara Corcoran,50000,Food and Beverage,Male,202,115,0.569306931
Buggy Beds,Barbara Corcoran,50000,Lifestyle/Home,Female,159,98,0.616352201
Cousins Maine Lobster,Barbara Corcoran,55000,Food and Beverage,Male,202,115,0.569306931
Ice Chips Candy,Barbara Corcoran,62500,Food and Beverage,Female,202,115,0.569306931
The Coop,Barbara Corcoran,150000,Children/Education,Female,102,62,0.607843137
Pink Shutter Photo Booths,Barbara Corcoran,300000,Media/Entertainment,Male,23,14,0.608695652
KazAM Balancing Bike's,Barbara Corcoran,150000,Fitness/Sports/Outdoors,Female,101,60,0.594059406
Ryan's Barkery,Barbara Corcoran,25000,Pet Products,Male,43,25,0.581395349
Tom n Chee,Barbara Corcoran,300000,Food and Beverage,Male,202,115,0.569306931
Sweet Ballz,Barbara Corcoran,125000,Food and Beverage,Male,202,115,0.569306931
Veggie Mama Garden Pops,Barbara Corcoran,37500,Food and Beverage,Mixed Team,202,115,0.569306931
Grace & Lace Knitted Boot Socks,Barbara Corcoran,175000,Fashion/Beauty,Mixed Team,178,93,0.52247191
Southern Culture Artisan Foods,Barbara Corcoran,100000,Food and Beverage,Female,202,115,0.569306931
Iretron,Barbara Corcoran,50000,Software/Tech,Male,63,34,0.53968254
Hold Your Haunches,Barbara Corcoran,50000,Fashion/Beauty,Female,178,93,0.52247191
Cerebral Success,Barbara Corcoran,75000,Health/Wellness,Male,48,28,0.583333333
Pipsnacks,Barbara Corcoran,200000,Food and Beverage,Mixed Team,202,115,0.569306931
Hoppy Paws,Barbara Corcoran,100000,Lifestyle/Home,Female,159,98,0.616352201
Q-Flex,Barbara Corcoran,12500,Health/Wellness,Female,48,28,0.583333333
Scratch & Grain Baking Co,Barbara Corcoran,150000,Food and Beverage,Female,202,115,0.569306931
Fresh Patch,Barbara Corcoran,75000,Pet Products,Mixed Team,43,25,0.581395349
Boobypack,Barbara Corcoran,80000,Fashion/Beauty,Female,178,93,0.52247191
Frill,Barbara Corcoran,50000,Fashion/Beauty,Female,178,93,0.52247191
NeatCheeks,Barbara Corcoran,150000,Children/Education,Female,102,62,0.607843137
Zoom,Barbara Corcoran,100000,Lifestyle/Home,Female,159,98,0.616352201
the beebo,Barbara Corcoran,100000,Children/Education,Male,102,62,0.607843137
Loliware,Barbara Corcoran,300000,Food and Beverage,Female,202,115,0.569306931
Savvy Naturals,Barbara Corcoran,200000,Lifestyle/Home,Mixed Team,159,98,0.616352201
Piper Wei,Barbara Corcoran,50000,Fashion/Beauty,Female,178,93,0.52247191
Controlled Chaos,Barbara Corcoran,60000,Fashion/Beauty,Female,178,93,0.52247191
Bee Free Honee,Barbara Corcoran,70000,Food and Beverage,Female,202,115,0.569306931
Glace Cryotherapy,Barbara Corcoran,100000,Health/Wellness,Mixed Team,48,28,0.583333333
Vengo,Barbara Corcoran,1000000,Food and Beverage,Male,202,115,0.569306931
The Drip Drop,Barbara Corcoran,50000,Food and Beverage,Male,202,115,0.569306931
dollop gourmet,Barbara Corcoran,75000,Food and Beverage,Female,202,115,0.569306931
Creaproducts,Barbara Corcoran,200000,Fashion/Beauty,Female,178,93,0.52247191
The Spooner,Barbara Corcoran,200000,Fitness/Sports/Outdoors,Male,101,60,0.594059406
Pete & Pedro,Barbara Corcoran,100000,Fashion/Beauty,Male,178,93,0.52247191
Raising Wild,Barbara Corcoran,100000,Fashion/Beauty,Female,178,93,0.52247191
Chi'lantro,Barbara Corcoran,600000,Food and Beverage,Male,202,115,0.569306931
Toor,Barbara Corcoran,250000,Lifestyle/Home,Male,159,98,0.616352201
Hand Out Gloves,Barbara Corcoran,300000,Fitness/Sports/Outdoors,Male,101,60,0.594059406
Grease Bags,Barbara Corcoran,75000,Lifestyle/Home,Female,159,98,0.616352201
Guard Llama,Barbara Corcoran,100000,Software/Tech,Male,63,34,0.53968254
Firdgetland,Barbara Corcoran,50000,Lifestyle/Home,Male,159,98,0.616352201
Third Wave Water,Barbara Corcoran,100000,Food and Beverage,Male,202,115,0.569306931
The Original Comfy,Barbara Corcoran,50000,Fashion/Beauty,Male,178,93,0.52247191
Modern Christmas Trees,Barbara Corcoran,100000,Lifestyle/Home,Male,159,98,0.616352201
iFork,Barbara Corcoran,100000,Lifestyle/Home,Male,159,98,0.616352201
The Dough Bar,Barbara Corcoran,300000,Food and Beverage,Mixed Team,202,115,0.569306931
Avocaderia,Barbara Corcoran,200000,Food and Beverage,Male,202,115,0.569306931
The Kombucha Shop,Barbara Corcoran,100000,Food and Beverage,Female,202,115,0.569306931
Ski-Z,Barbara Corcoran,50000,Fitness/Sports/Outdoors,Male,101,60,0.594059406
Hire Santa,Barbara Corcoran,200000,Business Services,Male,29,11,0.379310345
Press Waffle Co.,Barbara Corcoran,300000,Food and Beverage,Male,202,115,0.569306931
Dare-U-Go Bib,Barbara Corcoran,350000,Children/Education,Female,102,62,0.607843137
Pricetitution,Barbara Corcoran,50000,Media/Entertainment,Male,23,14,0.608695652
Maven's Creamery,Barbara Corcoran,400000,Food and Beverage,Female,202,115,0.569306931
Cubicall,Barbara Corcoran,350000,Lifestyle/Home,Male,159,98,0.616352201
SlumberPod,Barbara Corcoran,400000,Children/Education,Female,102,62,0.607843137
Genius Juice,Barbara Corcoran,250000,Food and Beverage,Male,202,115,0.569306931
Rapid Rope,Barbara Corcoran,200000,Fitness/Sports/Outdoors,Mixed Team,101,60,0.594059406
The Space Traveler,Barbara Corcoran,100000,Children/Education,Female,102,62,0.607843137
Boho Camper Vans,Barbara Corcoran,150000,Fitness/Sports/Outdoors,Male,101,60,0.594059406
Fried Green Tomatoes,Barbara Corcoran,200000,Food and Beverage,Female,202,115,0.569306931
Mural Painter,Barbara Corcoran,100000,Business Services,Female,29,11,0.379310345
Ava the Elephant,Barbara Corcoran,50000,Health/Wellness,Female,48,28,0.583333333
Mr. Tod's Pie Factory,Barbara Corcoran,230000,Food and Beverage,Male,202,115,0.569306931
Classroom Jams,Mark Cuban,50000,Children/Education,Male,102,62,0.607843137
Tippi Toes,Mark Cuban,50000,Fitness/Sports/Outdoors,Female,101,60,0.594059406
Toygaroo,Mark Cuban,100000,Children/Education,Female,102,62,0.607843137
First Defense Nasal Screen,Mark Cuban,250000,Health/Wellness,Male,48,28,0.583333333
HyConn,Mark Cuban,1250000,Uncertain/Other,Male,9,4,0.444444444
EZ VIP,Mark Cuban,75000,Media/Entertainment,Male,23,14,0.608695652
The Clean Bottle,Mark Cuban,60000,Food and Beverage,Male,202,115,0.569306931
I Want To Draw A Cat For You,Mark Cuban,25000,Software/Tech,Male,63,34,0.53968254
Wine Balloon,Mark Cuban,400000,Food and Beverage,Male,202,115,0.569306931
M3 Girl Designs,Mark Cuban,100000,Fashion/Beauty,Female,178,93,0.52247191
The Painted Pretzel,Mark Cuban,100000,Food and Beverage,Female,202,115,0.569306931
Kisstixx,Mark Cuban,200000,Fashion/Beauty,Male,178,93,0.52247191
Litter,Mark Cuban,40000,Fashion/Beauty,Female,178,93,0.52247191
Tower Paddle Boards,Mark Cuban,150000,Fitness/Sports/Outdoors,Male,101,60,0.594059406
Miso Media,Mark Cuban,300000,Media/Entertainment,Male,23,14,0.608695652
Lollacup,Mark Cuban,50000,Children/Education,Mixed Team,102,62,0.607843137
Villy Customs,Mark Cuban,250000,Fitness/Sports/Outdoors,Male,101,60,0.594059406
Boot Illusions,Mark Cuban,250000,Fashion/Beauty,Mixed Team,178,93,0.52247191
Dance With Me,Mark Cuban,50000,Fitness/Sports/Outdoors,Male,101,60,0.594059406
UniKey Technologies,Mark Cuban,250000,Software/Tech,Male,63,34,0.53968254
Buggy Beds,Mark Cuban,50000,Lifestyle/Home,Female,159,98,0.616352201
SurfSet Fitness,Mark Cuban,300000,Fitness/Sports/Outdoors,Mixed Team,101,60,0.594059406
Rock Bands,Mark Cuban,50000,Fashion/Beauty,Male,178,93,0.52247191
Posture Now,Mark Cuban,100000,Health/Wellness,Male,48,28,0.583333333
Ice Chips Candy,Mark Cuban,62500,Food and Beverage,Female,202,115,0.569306931
The Living Christmas Company,Mark Cuban,150000,Lifestyle/Home,Male,159,98,0.616352201
Hot Tot,Mark Cuban,75000,Children/Education,Female,102,62,0.607843137
The GameFace Company,Mark Cuban,225000,Fashion/Beauty,Male,178,93,0.52247191
Teddy Needs,Mark Cuban,100000,Children/Education,Female,102,62,0.607843137
The Smart Wheel,Mark Cuban,50000,Automotive,Mixed Team,12,9,0.75
Nuts n More,Mark Cuban,125000,Food and Beverage,Male,202,115,0.569306931
CoolWraps,Mark Cuban,250000,Lifestyle/Home,Male,159,98,0.616352201
Simple Sugar Scrubs,Mark Cuban,100000,Fashion/Beauty,Female,178,93,0.52247191
Shell Bobbers,Mark Cuban,80000,Fitness/Sports/Outdoors,Male,101,60,0.594059406
Misto Box Coffee Club,Mark Cuban,75000,Food and Beverage,Mixed Team,202,115,0.569306931
KazAM Balancing Bike's,Mark Cuban,150000,Fitness/Sports/Outdoors,Female,101,60,0.594059406
Stella Valle Jewelry,Mark Cuban,75000,Fashion/Beauty,Female,178,93,0.52247191
Tom n Chee,Mark Cuban,300000,Food and Beverage,Male,202,115,0.569306931
Sweet Ballz,Mark Cuban,125000,Food and Beverage,Male,202,115,0.569306931
Breathometer,Mark Cuban,200000,Health/Wellness,Male,48,28,0.583333333
Rapid Ramen Cooker,Mark Cuban,300000,Food and Beverage,Male,202,115,0.569306931
Veggie Mama Garden Pops,Mark Cuban,37500,Food and Beverage,Mixed Team,202,115,0.569306931
Ten Thirty One Haunted Hayrides,Mark Cuban,2000000,Media/Entertainment,Female,23,14,0.608695652
GrooveBook,Mark Cuban,75000,Software/Tech,Mixed Team,63,34,0.53968254
Cycloramic,Mark Cuban,250000,Software/Tech,Male,63,34,0.53968254
U-Lace,Mark Cuban,200000,Fashion/Beauty,Male,178,93,0.52247191
Henry's Humdingers,Mark Cuban,150000,Food and Beverage,Male,202,115,0.569306931
Iretron,Mark Cuban,50000,Software/Tech,Male,63,34,0.53968254
Chapul,Mark Cuban,50000,Food and Beverage,Male,202,115,0.569306931
Plated,Mark Cuban,500000,Food and Beverage,Male,202,115,0.569306931
Monkey Mat,Mark Cuban,50000,Lifestyle/Home,Female,159,98,0.616352201
Velocity Signs,Mark Cuban,75000,Business Services,Male,29,11,0.379310345
PowerPot,Mark Cuban,250000,Food and Beverage,Male,202,115,0.569306931
ZooBean,Mark Cuban,250000,Children/Education,Mixed Team,102,62,0.607843137
Rugged Maniac,Mark Cuban,1750000,Fitness/Sports/Outdoors,Male,101,60,0.594059406
Bon Affair,Mark Cuban,150000,Food and Beverage,Female,202,115,0.569306931
Foot Fairy,Mark Cuban,100000,Software/Tech,Female,63,34,0.53968254
Roominate,Mark Cuban,250000,Children/Education,Female,102,62,0.607843137
The Red Dress Boutique,Mark Cuban,600000,Fashion/Beauty,Mixed Team,178,93,0.52247191
BeatBox Beverages,Mark Cuban,1000000,Food and Beverage,Mixed Team,202,115,0.569306931
Bottle Breacher,Mark Cuban,75000,Food and Beverage,Male,202,115,0.569306931
Gameday Couture,Mark Cuban,500000,Fashion/Beauty,Mixed Team,178,93,0.52247191
Q-Flex,Mark Cuban,12500,Health/Wellness,Female,48,28,0.583333333
Evrewares,Mark Cuban,200000,Fashion/Beauty,Female,178,93,0.52247191
Fresh Patch,Mark Cuban,75000,Pet Products,Mixed Team,43,25,0.581395349
LuminAid,Mark Cuban,300000,Travel,Female,11,5,0.454545455
Coco Jack,Mark Cuban,125000,Food and Beverage,Male,202,115,0.569306931
Echo Valley Meats,Mark Cuban,0,Food and Beverage,Male,202,115,0.569306931
Emazing Lights,Mark Cuban,325000,Media/Entertainment,Male,23,14,0.608695652
Melni,Mark Cuban,500000,Software/Tech,Male,63,34,0.53968254
PittMoss,Mark Cuban,200000,Green/CleanTech,Male,11,6,0.545454545
Noene,Mark Cuban,100000,Fashion/Beauty,Male,178,93,0.52247191
World Record Striper Company,Mark Cuban,50000,Fitness/Sports/Outdoors,Male,101,60,0.594059406
You Kick Ass,Mark Cuban,100000,Children/Education,Female,102,62,0.607843137
Shark Wheel,Mark Cuban,75000,Fitness/Sports/Outdoors,Male,101,60,0.594059406
Sway Motorsports,Mark Cuban,300000,Green/CleanTech,Male,11,6,0.545454545
Loliware,Mark Cuban,300000,Food and Beverage,Female,202,115,0.569306931
Foot Cardigan,Mark Cuban,125000,Fashion/Beauty,Male,178,93,0.52247191
Dude Wipes,Mark Cuban,300000,Lifestyle/Home,Male,159,98,0.616352201
X Craft,Mark Cuban,300000,Software/Tech,Male,63,34,0.53968254
Rent Like a Champ,Mark Cuban,100000,Software/Tech,Male,63,34,0.53968254
unshrinkit,Mark Cuban,150000,Lifestyle/Home,Mixed Team,159,98,0.616352201
Polar Pro,Mark Cuban,500000,Software/Tech,Male,63,34,0.53968254
Umano,Mark Cuban,75000,Fashion/Beauty,Male,178,93,0.52247191
Trunkster,Mark Cuban,700000,Lifestyle/Home,Male,159,98,0.616352201
Extreme Sandbox,Mark Cuban,75000,Children/Education,Male,102,62,0.607843137
Fixed,Mark Cuban,700000,Software/Tech,Male,63,34,0.53968254
2400 Expert,Mark Cuban,250000,Children/Education,Male,102,62,0.607843137
R. Riveter,Mark Cuban,100000,Fashion/Beauty,Female,178,93,0.52247191
Combat Flip Flops,Mark Cuban,100000,Fashion/Beauty,Male,178,93,0.52247191
Bee Free Honee,Mark Cuban,70000,Food and Beverage,Female,202,115,0.569306931
Sworkit,Mark Cuban,1500000,Fitness/Sports/Outdoors,Male,101,60,0.594059406
Nohbo,Mark Cuban,100000,Green/CleanTech,Male,11,6,0.545454545
Insta-Fire,Mark Cuban,150000,Lifestyle/Home,Male,159,98,0.616352201
Beer Blizzard,Mark Cuban,100000,Food and Beverage,Male,202,115,0.569306931
Slyde Handboards,Mark Cuban,100000,Fitness/Sports/Outdoors,Mixed Team,101,60,0.594059406
brightwheel,Mark Cuban,300000,Children/Education,Male,102,62,0.607843137
The Spooner,Mark Cuban,200000,Fitness/Sports/Outdoors,Male,101,60,0.594059406
Fizzics,Mark Cuban,1000000,Food and Beverage,Male,202,115,0.569306931
Rethink,Mark Cuban,50000,Software/Tech,Female,63,34,0.53968254
The Lapel Project,Mark Cuban,150000,Fashion/Beauty,Male,178,93,0.52247191
Angels and Tomboys,Mark Cuban,30000,Fashion/Beauty,Female,178,93,0.52247191
Style Club,Mark Cuban,500000,Fashion/Beauty,Female,178,93,0.52247191
Chirps,Mark Cuban,100000,Food and Beverage,Female,202,115,0.569306931
Dbest products,Mark Cuban,175000,Lifestyle/Home,Male,159,98,0.616352201
Dart Drones,Mark Cuban,300000,Software/Tech,Female,63,34,0.53968254
Under The Weather,Mark Cuban,600000,Fitness/Sports/Outdoors,Male,101,60,0.594059406
Guardian Bikes,Mark Cuban,500000,Fitness/Sports/Outdoors,Male,101,60,0.594059406
Goverre,Mark Cuban,66667,Lifestyle/Home,Female,159,98,0.616352201
Rumi Spice,Mark Cuban,250000,Food and Beverage,Mixed Team,202,115,0.569306931
QBall,Mark Cuban,100000,Media/Entertainment,Male,23,14,0.608695652
Delighted By Hummus,Mark Cuban,600000,Food and Beverage,Female,202,115,0.569306931
IceShaker,Mark Cuban,75000,Fitness/Sports/Outdoors,Male,101,60,0.594059406
Ash & Anvil,Mark Cuban,150000,Fashion/Beauty,Male,178,93,0.52247191
Pearachute,Mark Cuban,500000,Children/Education,Female,102,62,0.607843137
Bravo,Mark Cuban,75000,Software/Tech,Mixed Team,63,34,0.53968254
Grypmat,Mark Cuban,120000,Automotive,Male,12,9,0.75
DNA Simple,Mark Cuban,200000,Health/Wellness,Male,48,28,0.583333333
Reely Hooked Fish Co.,Mark Cuban,75000,Food and Beverage,Male,202,115,0.569306931
ProntoBev,Mark Cuban,100000,Lifestyle/Home,Male,159,98,0.616352201
Hater,Mark Cuban,200000,Software/Tech,Male,63,34,0.53968254
Mush,Mark Cuban,300000,Food and Beverage,Female,202,115,0.569306931
Stasher,Mark Cuban,400000,Green/CleanTech,Female,11,6,0.545454545
Detrapel,Mark Cuban,100000,Lifestyle/Home,Male,159,98,0.616352201
The Long Hairs,Mark Cuban,100000,Fashion/Beauty,Male,178,93,0.52247191
Alice's Table,Mark Cuban,125000,Business Services,Female,29,11,0.379310345
Bouquet Bar,Mark Cuban,150000,Lifestyle/Home,Male,159,98,0.616352201
ChangEd,Mark Cuban,250000,Children/Education,Male,102,62,0.607843137
SnapClips,Mark Cuban,50000,Fitness/Sports/Outdoors,Male,101,60,0.594059406
Avocaderia,Mark Cuban,200000,Food and Beverage,Male,202,115,0.569306931
Solsource,Mark Cuban,500000,Lifestyle/Home,Female,159,98,0.616352201
Hugo's Amazing Tape,Mark Cuban,50000,Lifestyle/Home,Female,159,98,0.616352201
Sana√≠a,Mark Cuban,150000,Food and Beverage,Female,202,115,0.569306931
Cup Board Pro,Mark Cuban,20000,Lifestyle/Home,Mixed Team,159,98,0.616352201
Manscaped,Mark Cuban,250000,Health/Wellness,Male,48,28,0.583333333
Rewardstock,Mark Cuban,320000,Software/Tech,Male,63,34,0.53968254
Vade Nutrition,Mark Cuban,350000,Food and Beverage,Mixed Team,202,115,0.569306931
Bottlekeeper,Mark Cuban,500000,Lifestyle/Home,Male,159,98,0.616352201
Prank-O,Mark Cuban,640000,Uncertain/Other,Male,9,4,0.444444444
Bruw,Mark Cuban,50000,Food and Beverage,Male,202,115,0.569306931
Twist It Up Combs,Mark Cuban,112500,Fashion/Beauty,Male,178,93,0.52247191
SubSafe,Mark Cuban,50000,Lifestyle/Home,Mixed Team,159,98,0.616352201
Life Lift Systems,Mark Cuban,550000,Lifestyle/Home,Male,159,98,0.616352201
Shower Toga,Mark Cuban,40000,Lifestyle/Home,Female,159,98,0.616352201
Wild Earth,Mark Cuban,550000,Pet Products,Male,43,25,0.581395349
Pickup Pools,Mark Cuban,100000,Automotive,Male,12,9,0.75
Kanga Koozie,Mark Cuban,100000,Lifestyle/Home,Male,159,98,0.616352201
Hydroviv,Mark Cuban,400000,Lifestyle/Home,Male,159,98,0.616352201
Sapre,Mark Cuban,500000,Business Services,Male,29,11,0.379310345
Somnifix,Mark Cuban,500000,Health/Wellness,Male,48,28,0.583333333
Fat Shack,Mark Cuban,250000,Food and Beverage,Male,202,115,0.569306931
Circadian Optics,Mark Cuban,375000,Health/Wellness,Female,48,28,0.583333333
Snacklins,Mark Cuban,250000,Food and Beverage,Male,202,115,0.569306931
Golfkicks,Mark Cuban,300000,Fashion/Beauty,Male,178,93,0.52247191
The Yard Milkshake Bar,Mark Cuban,400000,Food and Beverage,Mixed Team,202,115,0.569306931
Dog Threads,Mark Cuban,250000,Pet Products,Mixed Team,43,25,0.581395349
Mrs. Goldfarb's Unreal Deli,Mark Cuban,250000,Food and Beverage,Female,202,115,0.569306931
Wanna Date?,Mark Cuban,100000,Food and Beverage,Female,202,115,0.569306931
Genius Juice,Mark Cuban,250000,Food and Beverage,Male,202,115,0.569306931
"Ready, Set, Food!",Mark Cuban,350000,Children/Education,Mixed Team,102,62,0.607843137
Bala Bangles,Mark Cuban,450000,Fitness/Sports/Outdoors,Mixed Team,101,60,0.594059406
Shake it Pup,Mark Cuban,100000,Food and Beverage,Male,202,115,0.569306931
Coconut Girl,Mark Cuban,180000,Food and Beverage,Female,202,115,0.569306931
Grouphug,Mark Cuban,150000,Lifestyle/Home,Female,159,98,0.616352201
Safety Nailer,Mark Cuban,33333.33333,Lifestyle/Home,Male,159,98,0.616352201
Pasta by Hudson,Mark Cuban,75000,Business Services,Male,29,11,0.379310345
UnbuckleMe,Mark Cuban,50000,Lifestyle/Home,Female,159,98,0.616352201
The Mad Optimist,Mark Cuban,60000,Health/Wellness,Male,48,28,0.583333333
Show No,Lori Greiner,75000,Fashion/Beauty,Female,178,93,0.52247191
M3 Girl Designs,Lori Greiner,100000,Fashion/Beauty,Female,178,93,0.52247191
Readerest Specsecure,Lori Greiner,150000,Lifestyle/Home,Male,159,98,0.616352201
Nail Pak,Lori Greiner,50000,Fashion/Beauty,Female,178,93,0.52247191
Bag Bowl,Lori Greiner,40000,Lifestyle/Home,Male,159,98,0.616352201
Back 9 Dips,Lori Greiner,75000,Food and Beverage,Mixed Team,202,115,0.569306931
Marz Sprays,Lori Greiner,200000,Health/Wellness,Male,48,28,0.583333333
Scrub Daddy,Lori Greiner,200000,Lifestyle/Home,Male,159,98,0.616352201
The Cool Wazoo,Lori Greiner,65000,Children/Education,Female,102,62,0.607843137
Plate Topper,Lori Greiner,90000,Food and Beverage,Male,202,115,0.569306931
The GameFace Company,Lori Greiner,225000,Fashion/Beauty,Male,178,93,0.52247191
Coffee Joulies,Lori Greiner,37500,Food and Beverage,Male,202,115,0.569306931
Urbio,Lori Greiner,300000,Lifestyle/Home,Male,159,98,0.616352201
CordaRoy's Bean Bag Beds,Lori Greiner,200000,Lifestyle/Home,Male,159,98,0.616352201
Drop Stop,Lori Greiner,300000,Automotive,Male,12,9,0.75
Me-Ma's Gumbo Bricks,Lori Greiner,100000,Food and Beverage,Female,202,115,0.569306931
Stella Valle Jewelry,Lori Greiner,75000,Fashion/Beauty,Female,178,93,0.52247191
Kane & Couture Dog Clothes,Lori Greiner,75000,Pet Products,Female,43,25,0.581395349
Breathometer,Lori Greiner,200000,Health/Wellness,Male,48,28,0.583333333
Screen Mend,Lori Greiner,30000,Lifestyle/Home,Mixed Team,159,98,0.616352201
Ruffle Butts - Rugged Butts,Lori Greiner,300000,Fashion/Beauty,Mixed Team,178,93,0.52247191
Fiber Fix Tape,Lori Greiner,250000,Lifestyle/Home,Male,159,98,0.616352201
Better Life Cleaning Products,Lori Greiner,400000,Green/CleanTech,Male,11,6,0.545454545
Paparazzi Proposals,Lori Greiner,125000,Lifestyle/Home,Male,159,98,0.616352201
LockerBones,Lori Greiner,87500,Children/Education,Male,102,62,0.607843137
InvisiPlug,Lori Greiner,125000,Software/Tech,Male,63,34,0.53968254
SwimZip,Lori Greiner,60000,Children/Education,Mixed Team,102,62,0.607843137
The Cookie Dough Cafe,Lori Greiner,50000,Food and Beverage,Female,202,115,0.569306931
Cycloramic,Lori Greiner,250000,Software/Tech,Male,63,34,0.53968254
Bambooee,Lori Greiner,200000,Lifestyle/Home,Mixed Team,159,98,0.616352201
Monkey Mat,Lori Greiner,50000,Lifestyle/Home,Female,159,98,0.616352201
The Paint Brush Cover,Lori Greiner,100000,Lifestyle/Home,Male,159,98,0.616352201
Hold Your Haunches,Lori Greiner,50000,Fashion/Beauty,Female,178,93,0.52247191
Fun Time Express,Lori Greiner,62500,Children/Education,Male,102,62,0.607843137
Angellift,Lori Greiner,500000,Fashion/Beauty,Male,178,93,0.52247191
BZbox,Lori Greiner,50000,Lifestyle/Home,Female,159,98,0.616352201
Roominate,Lori Greiner,250000,Children/Education,Female,102,62,0.607843137
Reviver,Lori Greiner,150000,Lifestyle/Home,Male,159,98,0.616352201
Heidi Ho,Lori Greiner,125000,Food and Beverage,Female,202,115,0.569306931
Squatty Potty,Lori Greiner,350000,Lifestyle/Home,Mixed Team,159,98,0.616352201
Earth Log,Lori Greiner,160000,Lifestyle/Home,Male,159,98,0.616352201
Kitchen Safe,Lori Greiner,50000,Food and Beverage,Male,202,115,0.569306931
Biaggi,Lori Greiner,500000,Lifestyle/Home,Male,159,98,0.616352201
The Mensch on a Bench,Lori Greiner,75000,Lifestyle/Home,Male,159,98,0.616352201
Bantam Bagels,Lori Greiner,275000,Food and Beverage,Mixed Team,202,115,0.569306931
Bottle Bright,Lori Greiner,75000,Lifestyle/Home,Male,159,98,0.616352201
Phonesoap,Lori Greiner,300000,Software/Tech,Male,63,34,0.53968254
FunBites,Lori Greiner,75000,Children/Education,Female,102,62,0.607843137
Scholly,Lori Greiner,20000,Children/Education,Male,102,62,0.607843137
Twin Z Pillow,Lori Greiner,75000,Children/Education,Mixed Team,102,62,0.607843137
PullyPalz,Lori Greiner,100000,Children/Education,Female,102,62,0.607843137
ZinePak,Lori Greiner,362500,Media/Entertainment,Female,23,14,0.608695652
SIGNALVAULT,Lori Greiner,100000,Software/Tech,Male,63,34,0.53968254
O'Dang Hummus,Lori Greiner,25000,Food and Beverage,Male,202,115,0.569306931
Table 87,Lori Greiner,250000,Food and Beverage,Male,202,115,0.569306931
X Craft,Lori Greiner,300000,Software/Tech,Male,63,34,0.53968254
Windcatcher,Lori Greiner,200000,Lifestyle/Home,Male,159,98,0.616352201
Stem Center USA,Lori Greiner,200000,Children/Education,Female,102,62,0.607843137
Simply Fit Board,Lori Greiner,62500,Fitness/Sports/Outdoors,Female,101,60,0.594059406
Grip Clean,Lori Greiner,85000,Fitness/Sports/Outdoors,Male,101,60,0.594059406
Brazi Bites,Lori Greiner,200000,Food and Beverage,Mixed Team,202,115,0.569306931
Umano,Lori Greiner,75000,Fashion/Beauty,Male,178,93,0.52247191
Sarah Oliver Handbags,Lori Greiner,83333,Fashion/Beauty,Female,178,93,0.52247191
Trunkster,Lori Greiner,700000,Lifestyle/Home,Male,159,98,0.616352201
Beard King,Lori Greiner,100000,Fashion/Beauty,Mixed Team,178,93,0.52247191
Combat Flip Flops,Lori Greiner,100000,Fashion/Beauty,Male,178,93,0.52247191
Insta-Fire,Lori Greiner,150000,Lifestyle/Home,Male,159,98,0.616352201
BetterBack,Lori Greiner,750000,Health/Wellness,Female,48,28,0.583333333
Wondercide,Lori Greiner,500000,Pet Products,Female,43,25,0.581395349
Pride Bites,Lori Greiner,100000,Pet Products,Male,43,25,0.581395349
Coolbox,Lori Greiner,500000,Lifestyle/Home,Male,159,98,0.616352201
Petnostics,Lori Greiner,150000,Pet Products,Male,43,25,0.581395349
Fizzics,Lori Greiner,1000000,Food and Beverage,Male,202,115,0.569306931
Rethink,Lori Greiner,50000,Software/Tech,Female,63,34,0.53968254
Good Hangups,Lori Greiner,100000,Lifestyle/Home,Female,159,98,0.616352201
biem,Lori Greiner,500000,Food and Beverage,Male,202,115,0.569306931
SafeGrabs,Lori Greiner,75000,Lifestyle/Home,Female,159,98,0.616352201
SiliDogs,Lori Greiner,100000,Pet Products,Male,43,25,0.581395349
Milk Snob,Lori Greiner,150000,Children/Education,Female,102,62,0.607843137
Inboard,Lori Greiner,375000,Fitness/Sports/Outdoors,Male,101,60,0.594059406
Sealed by Santa,Lori Greiner,150000,Children/Education,Female,102,62,0.607843137
Dbest products,Lori Greiner,175000,Lifestyle/Home,Male,159,98,0.616352201
Firefighter Turnout Bags,Lori Greiner,250000,Fashion/Beauty,Mixed Team,178,93,0.52247191
Toymail,Lori Greiner,300000,Children/Education,Female,102,62,0.607843137
The Sleep Styler,Lori Greiner,75000,Fashion/Beauty,Female,178,93,0.52247191
Blentique Wine Company,Lori Greiner,250000,Food and Beverage,Male,202,115,0.569306931
Goverre,Lori Greiner,66667,Lifestyle/Home,Female,159,98,0.616352201
Peoples Design,Lori Greiner,75000,Lifestyle/Home,Male,159,98,0.616352201
Bridal Buddy,Lori Greiner,37500,Fashion/Beauty,Female,178,93,0.52247191
QBall,Lori Greiner,100000,Media/Entertainment,Male,23,14,0.608695652
Tanglepets,Lori Greiner,75000,Children/Education,Female,102,62,0.607843137
Novel Effect,Lori Greiner,500000,Children/Education,Mixed Team,102,62,0.607843137
Brazyn Life,Lori Greiner,125000,Fitness/Sports/Outdoors,Male,101,60,0.594059406
No Mo-Stach,Lori Greiner,50000,Fashion/Beauty,Female,178,93,0.52247191
Snoofybee,Lori Greiner,120000,Children/Education,Mixed Team,102,62,0.607843137
BrilliantPad,Lori Greiner,500000,Pet Products,Male,43,25,0.581395349
Bravo,Lori Greiner,75000,Software/Tech,Mixed Team,63,34,0.53968254
Glovestix,Lori Greiner,75000,Fitness/Sports/Outdoors,Female,101,60,0.594059406
Grypmat,Lori Greiner,120000,Automotive,Male,12,9,0.75
EverlyWell,Lori Greiner,1000000,Health/Wellness,Female,48,28,0.583333333
Frywall,Lori Greiner,50000,Lifestyle/Home,Male,159,98,0.616352201
Detrapel,Lori Greiner,100000,Lifestyle/Home,Male,159,98,0.616352201
SnapClips,Lori Greiner,50000,Fitness/Sports/Outdoors,Male,101,60,0.594059406
Gunnar Optiks,Lori Greiner,750000,Lifestyle/Home,Male,159,98,0.616352201
Egg Mazing,Lori Greiner,150000,Lifestyle/Home,Male,159,98,0.616352201
Hugo's Amazing Tape,Lori Greiner,50000,Lifestyle/Home,Female,159,98,0.616352201
Lace Your Face,Lori Greiner,350000,Fashion/Beauty,Female,178,93,0.52247191
OA Foods,Lori Greiner,150000,Food and Beverage,Male,202,115,0.569306931
Ta-Ta Towels,Lori Greiner,200000,Fashion/Beauty,Female,178,93,0.52247191
Shed Defender,Lori Greiner,250000,Pet Products,Male,43,25,0.581395349
Beyond Sushi,Lori Greiner,750000,Food and Beverage,Male,202,115,0.569306931
Cup Board Pro,Lori Greiner,20000,Lifestyle/Home,Mixed Team,159,98,0.616352201
Manscaped,Lori Greiner,250000,Health/Wellness,Male,48,28,0.583333333
Bottlekeeper,Lori Greiner,500000,Lifestyle/Home,Male,159,98,0.616352201
Oatmeals,Lori Greiner,500000,Food and Beverage,Female,202,115,0.569306931
TushBaby,Lori Greiner,200000,Children/Education,Female,102,62,0.607843137
Pristine,Lori Greiner,50000,Health/Wellness,Mixed Team,48,28,0.583333333
Kitty Kasas,Lori Greiner,200000,Pet Products,Mixed Team,43,25,0.581395349
Makeup Junkie Bags,Lori Greiner,200000,Fashion/Beauty,Female,178,93,0.52247191
Obvious Wines,Lori Greiner,160000,Food and Beverage,Male,202,115,0.569306931
Zorpads,Lori Greiner,75000,Fashion/Beauty,Mixed Team,178,93,0.52247191
Quickflip,Lori Greiner,500000,Fashion/Beauty,Male,178,93,0.52247191
BabyToon,Lori Greiner,50000,Children/Education,Female,102,62,0.607843137
Circadian Optics,Lori Greiner,375000,Health/Wellness,Female,48,28,0.583333333
Aira,Lori Greiner,166666.6667,Software/Tech,Male,63,34,0.53968254
Bug Bite Thing,Lori Greiner,150000,Health/Wellness,Female,48,28,0.583333333
Knife Aid,Lori Greiner,250000,Business Services,Male,29,11,0.379310345
Myostorm,Lori Greiner,150000,Health/Wellness,Male,48,28,0.583333333
The Measuring Shovel,Lori Greiner,20000,Lifestyle/Home,Mixed Team,159,98,0.616352201
Gallant,Lori Greiner,250000,Pet Products,Male,43,25,0.581395349
Outer,Lori Greiner,750000,Lifestyle/Home,Male,159,98,0.616352201
Terra-Core Fitness,Lori Greiner,300000,Fitness/Sports/Outdoors,Mixed Team,101,60,0.594059406
Little Elf Gift Wrap Cutter,Lori Greiner,150000,Lifestyle/Home,Male,159,98,0.616352201
Flexscreen,Lori Greiner,400000,Lifestyle/Home,Male,159,98,0.616352201
Wise Pocket Products,Lori Greiner,17500,Fashion/Beauty,Female,178,93,0.52247191
Fur,Lori Greiner,500000,Fashion/Beauty,Female,178,93,0.52247191
Pair Eyewear,Lori Greiner,200000,Health/Wellness,Mixed Team,48,28,0.583333333
Safety Nailer,Lori Greiner,33333.33333,Lifestyle/Home,Male,159,98,0.616352201
Pasta by Hudson,Lori Greiner,75000,Business Services,Male,29,11,0.379310345
The Frozen Farmer,Lori Greiner,125000,Food and Beverage,Female,202,115,0.569306931
UnbuckleMe,Lori Greiner,50000,Lifestyle/Home,Female,159,98,0.616352201
Potty Safe,Lori Greiner,50000,Children/Education,Mixed Team,102,62,0.607843137
Dreamland Baby,Lori Greiner,100000,Children/Education,Female,102,62,0.607843137
A Perfect Pear,Robert Herjavec,250000,Food and Beverage,Female,202,115,0.569306931
Classroom Jams,Robert Herjavec,50000,Children/Education,Male,102,62,0.607843137
Gift Card Rescue,Robert Herjavec,100000,Software/Tech,Male,63,34,0.53968254
My Therapy Journal,Robert Herjavec,40000,Health/Wellness,Male,48,28,0.583333333
Soy-Yer-Dough,Robert Herjavec,100000,Food and Beverage,Male,202,115,0.569306931
Grill Charms Set,Robert Herjavec,50000,Fashion/Beauty,Female,178,93,0.52247191
Jump Forward,Robert Herjavec,300000,Children/Education,Male,102,62,0.607843137
Grease Monkey Wipes,Robert Herjavec,20000,Lifestyle/Home,Mixed Team,159,98,0.616352201
First Defense Nasal Screen,Robert Herjavec,250000,Health/Wellness,Male,48,28,0.583333333
Mod Mom Furniture,Robert Herjavec,90000,Lifestyle/Home,Female,159,98,0.616352201
Hillbilly Brand,Robert Herjavec,37500,Fashion/Beauty,Male,178,93,0.52247191
Lightfilm,Robert Herjavec,5000,Automotive,Male,12,9,0.75
Origaudio,Robert Herjavec,150000,Software/Tech,Male,63,34,0.53968254
You Smell Soap,Robert Herjavec,50000,Fashion/Beauty,Female,178,93,0.52247191
Chord Buddy,Robert Herjavec,175000,Media/Entertainment,Male,23,14,0.608695652
M3 Girl Designs,Robert Herjavec,100000,Fashion/Beauty,Female,178,93,0.52247191
Lollacup,Robert Herjavec,50000,Children/Education,Mixed Team,102,62,0.607843137
Buggy Beds,Robert Herjavec,50000,Lifestyle/Home,Female,159,98,0.616352201
Back 9 Dips,Robert Herjavec,75000,Food and Beverage,Mixed Team,202,115,0.569306931
SBU,Robert Herjavec,150000,Fitness/Sports/Outdoors,Male,101,60,0.594059406
Ruck Pack Combat Nutrition,Robert Herjavec,75000,Fashion/Beauty,Male,178,93,0.52247191
Coffee Joulies,Robert Herjavec,37500,Food and Beverage,Male,202,115,0.569306931
Hoodie Pillow,Robert Herjavec,90000,Lifestyle/Home,Mixed Team,159,98,0.616352201
Get Grinds,Robert Herjavec,37500,Food and Beverage,Male,202,115,0.569306931
The Smart Wheel,Robert Herjavec,50000,Automotive,Mixed Team,12,9,0.75
Nuts n More,Robert Herjavec,125000,Food and Beverage,Male,202,115,0.569306931
Geek Chic,Robert Herjavec,300000,Fashion/Beauty,Male,178,93,0.52247191
Postcard on the Run,Robert Herjavec,300000,Software/Tech,Male,63,34,0.53968254
Breathometer,Robert Herjavec,200000,Health/Wellness,Male,48,28,0.583333333
Freeloader Child Carrier,Robert Herjavec,200000,Travel,Male,11,5,0.454545455
Hamboards Skateboard/Surfboard,Robert Herjavec,300000,Fitness/Sports/Outdoors,Male,101,60,0.594059406
Yubo Customized Lunch Boxes,Robert Herjavec,75000,Children/Education,Mixed Team,102,62,0.607843137
Tipsy Elves,Robert Herjavec,100000,Fashion/Beauty,Male,178,93,0.52247191
The Wall DoctoRX,Robert Herjavec,150000,Lifestyle/Home,Male,159,98,0.616352201
LockerBones,Robert Herjavec,87500,Children/Education,Male,102,62,0.607843137
RevoLights,Robert Herjavec,300000,Fitness/Sports/Outdoors,Male,101,60,0.594059406
Henry's Humdingers,Robert Herjavec,150000,Food and Beverage,Male,202,115,0.569306931
Velocity Signs,Robert Herjavec,75000,Business Services,Male,29,11,0.379310345
Happy Feet,Robert Herjavec,375000,Fashion/Beauty,Male,178,93,0.52247191
Oru Kayak,Robert Herjavec,500000,Fitness/Sports/Outdoors,Male,101,60,0.594059406
Kronos,Robert Herjavec,150000,Fitness/Sports/Outdoors,Male,101,60,0.594059406
Paper Box Pilots,Robert Herjavec,35000,Children/Education,Male,102,62,0.607843137
The Red Dress Boutique,Robert Herjavec,600000,Fashion/Beauty,Mixed Team,178,93,0.52247191
The Natural Grip,Robert Herjavec,125000,Fitness/Sports/Outdoors,Female,101,60,0.594059406
The Mensch on a Bench,Robert Herjavec,75000,Lifestyle/Home,Male,159,98,0.616352201
Doorman,Robert Herjavec,250000,Lifestyle/Home,Male,159,98,0.616352201
Lumio,Robert Herjavec,350000,Lifestyle/Home,Male,159,98,0.616352201
Drain Strain,Robert Herjavec,110000,Lifestyle/Home,Male,159,98,0.616352201
Gold Rush Nugget Bucket,Robert Herjavec,60000,Children/Education,Male,102,62,0.607843137
Keen Home,Robert Herjavec,750000,Lifestyle/Home,Male,159,98,0.616352201
PittMoss,Robert Herjavec,200000,Green/CleanTech,Male,11,6,0.545454545
ZinePak,Robert Herjavec,362500,Media/Entertainment,Female,23,14,0.608695652
AirCar,Robert Herjavec,5000000,Travel,Male,11,5,0.454545455
SynDaver Labs,Robert Herjavec,3000000,Health/Wellness,Male,48,28,0.583333333
Shark Wheel,Robert Herjavec,75000,Fitness/Sports/Outdoors,Male,101,60,0.594059406
SIGNALVAULT,Robert Herjavec,100000,Software/Tech,Male,63,34,0.53968254
O'Dang Hummus,Robert Herjavec,25000,Food and Beverage,Male,202,115,0.569306931
X Craft,Robert Herjavec,300000,Software/Tech,Male,63,34,0.53968254
Polar Pro,Robert Herjavec,500000,Software/Tech,Male,63,34,0.53968254
Glow Recipe,Robert Herjavec,425000,Fashion/Beauty,Female,178,93,0.52247191
Sarah Oliver Handbags,Robert Herjavec,83333,Fashion/Beauty,Female,178,93,0.52247191
Hungry Harvest,Robert Herjavec,100000,Food and Beverage,Male,202,115,0.569306931
Rags to Raches,Robert Herjavec,200000,Fashion/Beauty,Female,178,93,0.52247191
Pride Bites,Robert Herjavec,100000,Pet Products,Male,43,25,0.581395349
Trobo,Robert Herjavec,166666,Children/Education,Male,102,62,0.607843137
Tactibite,Robert Herjavec,150000,Fitness/Sports/Outdoors,Male,101,60,0.594059406
Night Runner 270,Robert Herjavec,200000,Fitness/Sports/Outdoors,Mixed Team,101,60,0.594059406
Solemates,Robert Herjavec,500000,Fashion/Beauty,Female,178,93,0.52247191
PupBox,Robert Herjavec,250000,Pet Products,Mixed Team,43,25,0.581395349
Tranquilo,Robert Herjavec,200000,Children/Education,Female,102,62,0.607843137
Doc Spartan,Robert Herjavec,75000,Health/Wellness,Mixed Team,48,28,0.583333333
Sand Cloud,Robert Herjavec,200000,Fitness/Sports/Outdoors,Male,101,60,0.594059406
seedsheet,Robert Herjavec,500000,Lifestyle/Home,Male,159,98,0.616352201
Goverre,Robert Herjavec,66667,Lifestyle/Home,Female,159,98,0.616352201
LocTote,Robert Herjavec,150000,Fashion/Beauty,Male,178,93,0.52247191
Thompson Tee,Robert Herjavec,700000,Fashion/Beauty,Male,178,93,0.52247191
Seventy2,Robert Herjavec,200000,Lifestyle/Home,Male,159,98,0.616352201
Enso Rings,Robert Herjavec,500000,Fashion/Beauty,Male,178,93,0.52247191
Mirmir,Robert Herjavec,700000,Media/Entertainment,Male,23,14,0.608695652
H3o Sports,Robert Herjavec,120000,Fitness/Sports/Outdoors,Male,101,60,0.594059406
RokBlok,Robert Herjavec,500000,Media/Entertainment,Male,23,14,0.608695652
Goat Pet Products,Robert Herjavec,499000,Pet Products,Female,43,25,0.581395349
Radiate,Robert Herjavec,100000,Fitness/Sports/Outdoors,Male,101,60,0.594059406
Coinout,Robert Herjavec,250000,Software/Tech,Male,63,34,0.53968254
OA Foods,Robert Herjavec,150000,Food and Beverage,Male,202,115,0.569306931
Butter Cloth,Robert Herjavec,250000,Fashion/Beauty,Male,178,93,0.52247191
Adventure Hunt,Robert Herjavec,150000,Fitness/Sports/Outdoors,Male,101,60,0.594059406
Basepaws,Robert Herjavec,125000,Pet Products,Female,43,25,0.581395349
Kymera,Robert Herjavec,500000,Fitness/Sports/Outdoors,Male,101,60,0.594059406
Saucemoto,Robert Herjavec,45000,Automotive,Male,12,9,0.75
Aira,Robert Herjavec,166666.6667,Software/Tech,Male,63,34,0.53968254
Supply,Robert Herjavec,300000,Lifestyle/Home,Male,159,98,0.616352201
Bad Birdie,Robert Herjavec,300000,Fashion/Beauty,Male,178,93,0.52247191
Tough Tie,Robert Herjavec,100000,Fashion/Beauty,Male,178,93,0.52247191
RollinGreens,Robert Herjavec,500000,Food and Beverage,Mixed Team,202,115,0.569306931
Mr. Tod's Pie Factory,Daymond John,230000,Food and Beverage,Male,202,115,0.569306931
Classroom Jams,Daymond John,50000,Children/Education,Male,102,62,0.607843137
Soy-Yer-Dough,Daymond John,100000,Food and Beverage,Male,202,115,0.569306931
Treasure Chest Pets,Daymond John,50000,Pet Products,Female,43,25,0.581395349
Gayla Bentley Fashion,Daymond John,125000,Fashion/Beauty,Female,178,93,0.52247191
Hells Bells Helmets,Daymond John,500000,Fitness/Sports/Outdoors,Mixed Team,101,60,0.594059406
Lipstick Remix,Daymond John,35000,Fashion/Beauty,Female,178,93,0.52247191
Nubrella,Daymond John,100000,Fashion/Beauty,Male,178,93,0.52247191
Qubits,Daymond John,90000,Children/Education,Male,102,62,0.607843137
Wurkin Stiffs,Daymond John,50000,Fashion/Beauty,Male,178,93,0.52247191
First Defense Nasal Screen,Daymond John,250000,Health/Wellness,Male,48,28,0.583333333
Flipoutz,Daymond John,100000,Fashion/Beauty,Mixed Team,178,93,0.52247191
Hillbilly Brand,Daymond John,37500,Fashion/Beauty,Male,178,93,0.52247191
Lightfilm,Daymond John,5000,Automotive,Male,12,9,0.75
Sweep Easy,Daymond John,75000,Lifestyle/Home,Male,159,98,0.616352201
One Sole,Daymond John,500000,Fashion/Beauty,Female,178,93,0.52247191
EZ VIP,Daymond John,75000,Media/Entertainment,Male,23,14,0.608695652
The Last Lid,Daymond John,40000,Lifestyle/Home,Mixed Team,159,98,0.616352201
Litter,Daymond John,40000,Fashion/Beauty,Female,178,93,0.52247191
GoGo Gear,Daymond John,300000,Fitness/Sports/Outdoors,Female,101,60,0.594059406
Dance With Me,Daymond John,50000,Fitness/Sports/Outdoors,Male,101,60,0.594059406
Remyxx ReKixx Sneakers,Daymond John,50000,Fashion/Beauty,Male,178,93,0.52247191
Buggy Beds,Daymond John,50000,Lifestyle/Home,Female,159,98,0.616352201
CateApp,Daymond John,37500,Software/Tech,Male,63,34,0.53968254
Rock Bands,Daymond John,50000,Fashion/Beauty,Male,178,93,0.52247191
Cozy Bugs,Daymond John,50000,Fashion/Beauty,Female,178,93,0.52247191
PRO-NRG,Daymond John,250000,Food and Beverage,Mixed Team,202,115,0.569306931
Coffee Joulies,Daymond John,37500,Food and Beverage,Male,202,115,0.569306931
Sound Bender,Daymond John,54000,Software/Tech,Male,63,34,0.53968254
Get Grinds,Daymond John,37500,Food and Beverage,Male,202,115,0.569306931
Jeska Shoe Company,Daymond John,70000,Fashion/Beauty,Female,178,93,0.52247191
Lose 12,Daymond John,125000,Fitness/Sports/Outdoors,Male,101,60,0.594059406
GOBIE H20,Daymond John,300000,Travel,Male,11,5,0.454545455
The Mission Belt,Daymond John,50000,Fashion/Beauty,Male,178,93,0.52247191
Kane & Couture Dog Clothes,Daymond John,75000,Pet Products,Female,43,25,0.581395349
Breathometer,Daymond John,200000,Health/Wellness,Male,48,28,0.583333333
180 Party Cup,Daymond John,300000,Lifestyle/Home,Male,159,98,0.616352201
PurseCase,Daymond John,55000,Fashion/Beauty,Female,178,93,0.52247191
De-Boned Baby Back Rib Steak,Daymond John,300000,Food and Beverage,Mixed Team,202,115,0.569306931
One Life Products,Daymond John,50000,Lifestyle/Home,Male,159,98,0.616352201
Freshly Picked,Daymond John,150000,Children/Education,Female,102,62,0.607843137
Spy Escape and Evasion,Daymond John,150000,Children/Education,Male,102,62,0.607843137
Garage Door Lock,Daymond John,275000,Lifestyle/Home,Male,159,98,0.616352201
Sleeping Baby,Daymond John,200000,Children/Education,Mixed Team,102,62,0.607843137
Bombas,Daymond John,200000,Fashion/Beauty,Male,178,93,0.52247191
Heart Pup,Daymond John,50000,Pet Products,Female,43,25,0.581395349
SunStaches,Daymond John,300000,Fashion/Beauty,Male,178,93,0.52247191
Myself Belts,Daymond John,75000,Children/Education,Female,102,62,0.607843137
Titin,Daymond John,500000,Fitness/Sports/Outdoors,Male,101,60,0.594059406
MagicCook,Daymond John,100000,Food and Beverage,Female,202,115,0.569306931
TurboPUP,Daymond John,100000,Pet Products,Female,43,25,0.581395349
BeverageBoy,Daymond John,50000,Food and Beverage,Male,202,115,0.569306931
Scholly,Daymond John,20000,Children/Education,Male,102,62,0.607843137
Emazing Lights,Daymond John,325000,Media/Entertainment,Male,23,14,0.608695652
acqua vault,Daymond John,75000,Lifestyle/Home,Male,159,98,0.616352201
Bee Sweet Lemonade,Daymond John,60000,Food and Beverage,Mixed Team,202,115,0.569306931
Noene,Daymond John,100000,Fashion/Beauty,Male,178,93,0.52247191
Spikeball,Daymond John,500000,Fitness/Sports/Outdoors,Male,101,60,0.594059406
The Two Guys Bowtie Company,Daymond John,75000,Fashion/Beauty,Male,178,93,0.52247191
Three Jerks Jerky,Daymond John,100000,Food and Beverage,Male,202,115,0.569306931
X Craft,Daymond John,300000,Software/Tech,Male,63,34,0.53968254
Sock Tabs,Daymond John,50000,Lifestyle/Home,Mixed Team,159,98,0.616352201
Abs Protein Pancakes,Daymond John,120000,Food and Beverage,Mixed Team,202,115,0.569306931
Shefit,Daymond John,250000,Fitness/Sports/Outdoors,Mixed Team,101,60,0.594059406
Combat Flip Flops,Daymond John,100000,Fashion/Beauty,Male,178,93,0.52247191
EVP Extreme Vehicle Protection,Daymond John,50000,Automotive,Male,12,9,0.75
VPCABS,Daymond John,200000,Media/Entertainment,Male,23,14,0.608695652
Angels and Tomboys,Daymond John,30000,Fashion/Beauty,Female,178,93,0.52247191
EcoFlower,Daymond John,400000,Lifestyle/Home,Female,159,98,0.616352201
Line Cutterz,Daymond John,120000,Fitness/Sports/Outdoors,Male,101,60,0.594059406
Naturally Perfect Dolls,Daymond John,200000,Children/Education,Mixed Team,102,62,0.607843137
Kooler,Daymond John,50000,Fitness/Sports/Outdoors,Male,101,60,0.594059406
RinseKit,Daymond John,250000,Fitness/Sports/Outdoors,Male,101,60,0.594059406
elephant pants,Daymond John,500000,Fashion/Beauty,Male,178,93,0.52247191
BootyQueen Apparel,Daymond John,250000,Fashion/Beauty,Mixed Team,178,93,0.52247191
SmartGurlz,Daymond John,200000,Software/Tech,Female,63,34,0.53968254
The Cut Buddy,Daymond John,300000,Fashion/Beauty,Male,178,93,0.52247191
Joe's Gourmet Fish Fry,Daymond John,150000,Food and Beverage,Mixed Team,202,115,0.569306931
Boobie Bar,Daymond John,150000,Food and Beverage,Female,202,115,0.569306931
Pandaloon,Daymond John,60000,Pet Products,Female,43,25,0.581395349
Guzzle Buddy,Daymond John,400000,Food and Beverage,Mixed Team,202,115,0.569306931
Cup Board Pro,Daymond John,20000,Lifestyle/Home,Mixed Team,159,98,0.616352201
Moki Doorstep,Daymond John,3000000,Automotive,Mixed Team,12,9,0.75
Twist It Up Combs,Daymond John,112500,Fashion/Beauty,Male,178,93,0.52247191
Pooch Selfie,Daymond John,100000,Pet Products,Male,43,25,0.581395349
The Best Pocket Square Holder,Daymond John,200000,Fashion/Beauty,Male,178,93,0.52247191
Squid Socks,Daymond John,125000,Children/Education,Mixed Team,102,62,0.607843137
Baubles + Soles,Daymond John,150000,Fashion/Beauty,Mixed Team,178,93,0.52247191
Wise Pocket Products,Daymond John,17500,Fashion/Beauty,Female,178,93,0.52247191
Muvez,Daymond John,200000,Fashion/Beauty,Male,178,93,0.52247191
Tanoshi,Daymond John,500000,Software/Tech,Male,63,34,0.53968254
A Perfect Pear,Kevin O'Leary,250000,Food and Beverage,Female,202,115,0.569306931
Classroom Jams,Kevin O'Leary,50000,Children/Education,Male,102,62,0.607843137
Gift Card Rescue,Kevin O'Leary,100000,Software/Tech,Male,63,34,0.53968254
My Therapy Journal,Kevin O'Leary,40000,Health/Wellness,Male,48,28,0.583333333
Soy-Yer-Dough,Kevin O'Leary,100000,Food and Beverage,Male,202,115,0.569306931
Jump Forward,Kevin O'Leary,300000,Children/Education,Male,102,62,0.607843137
Toygaroo,Kevin O'Leary,100000,Children/Education,Female,102,62,0.607843137
Fridge Fronts,Kevin O'Leary,50000,Lifestyle/Home,Female,159,98,0.616352201
Talbott Teas,Kevin O'Leary,250000,Food and Beverage,Male,202,115,0.569306931
UniKey Technologies,Kevin O'Leary,250000,Software/Tech,Male,63,34,0.53968254
Buggy Beds,Kevin O'Leary,50000,Lifestyle/Home,Female,159,98,0.616352201
CateApp,Kevin O'Leary,37500,Software/Tech,Male,63,34,0.53968254
SBU,Kevin O'Leary,150000,Fitness/Sports/Outdoors,Male,101,60,0.594059406
Drive Suits,Kevin O'Leary,150000,Uncertain/Other,Male,9,4,0.444444444
Ruck Pack Combat Nutrition,Kevin O'Leary,75000,Fashion/Beauty,Male,178,93,0.52247191
Coffee Joulies,Kevin O'Leary,37500,Food and Beverage,Male,202,115,0.569306931
HDYR Sushi Bars,Kevin O'Leary,1000000,Food and Beverage,Male,202,115,0.569306931
LiddUp Coolers,Kevin O'Leary,100000,Food and Beverage,Male,202,115,0.569306931
Wicked Good Cup Cakes,Kevin O'Leary,75000,Food and Beverage,Female,202,115,0.569306931
Me-Ma's Gumbo Bricks,Kevin O'Leary,100000,Food and Beverage,Female,202,115,0.569306931
Verbalize It App,Kevin O'Leary,250000,Business Services,Male,29,11,0.379310345
Breathometer,Kevin O'Leary,200000,Health/Wellness,Male,48,28,0.583333333
Total Merchant Resources,Kevin O'Leary,200000,Business Services,Mixed Team,29,11,0.379310345
Paparazzi Proposals,Kevin O'Leary,125000,Lifestyle/Home,Male,159,98,0.616352201
Yubo Customized Lunch Boxes,Kevin O'Leary,75000,Children/Education,Mixed Team,102,62,0.607843137
GrooveBook,Kevin O'Leary,75000,Software/Tech,Mixed Team,63,34,0.53968254
Boo Boo Goo,Kevin O'Leary,100000,Health/Wellness,Mixed Team,48,28,0.583333333
Velocity Signs,Kevin O'Leary,75000,Business Services,Male,29,11,0.379310345
Fun Time Express,Kevin O'Leary,62500,Children/Education,Male,102,62,0.607843137
Honeyfund,Kevin O'Leary,400000,Software/Tech,Mixed Team,63,34,0.53968254
Bottle Breacher,Kevin O'Leary,75000,Food and Beverage,Male,202,115,0.569306931
Zipz,Kevin O'Leary,2500000,Food and Beverage,Male,202,115,0.569306931
GreenBox,Kevin O'Leary,300000,Food and Beverage,Mixed Team,202,115,0.569306931
Frill,Kevin O'Leary,50000,Fashion/Beauty,Female,178,93,0.52247191
PittMoss,Kevin O'Leary,200000,Green/CleanTech,Male,11,6,0.545454545
X Craft,Kevin O'Leary,300000,Software/Tech,Male,63,34,0.53968254
Simply Fit Board,Kevin O'Leary,62500,Fitness/Sports/Outdoors,Female,101,60,0.594059406
Sarah Oliver Handbags,Kevin O'Leary,83333,Fashion/Beauty,Female,178,93,0.52247191
geekmytree,Kevin O'Leary,225000,Lifestyle/Home,Male,159,98,0.616352201
Lovepop,Kevin O'Leary,300000,Lifestyle/Home,Male,159,98,0.616352201
Extreme Sandbox,Kevin O'Leary,75000,Children/Education,Male,102,62,0.607843137
PRx,Kevin O'Leary,80000,Fitness/Sports/Outdoors,Male,101,60,0.594059406
IlumiBowl,Kevin O'Leary,100000,Lifestyle/Home,Male,159,98,0.616352201
Innovation Pet,Kevin O'Leary,250000,Pet Products,Mixed Team,43,25,0.581395349
Vengo,Kevin O'Leary,1000000,Food and Beverage,Male,202,115,0.569306931
Petnostics,Kevin O'Leary,150000,Pet Products,Male,43,25,0.581395349
Felt,Kevin O'Leary,225000,Lifestyle/Home,Male,159,98,0.616352201
TekDry,Kevin O'Leary,500000,Software/Tech,Male,63,34,0.53968254
sunscreeenr,Kevin O'Leary,800000,Health/Wellness,Male,48,28,0.583333333
Potato Parcel,Kevin O'Leary,50000,Media/Entertainment,Male,23,14,0.608695652
Toor,Kevin O'Leary,250000,Lifestyle/Home,Male,159,98,0.616352201
Inboard,Kevin O'Leary,375000,Fitness/Sports/Outdoors,Male,101,60,0.594059406
Digiwrap,Kevin O'Leary,150000,Lifestyle/Home,Male,159,98,0.616352201
Pinblock,Kevin O'Leary,100000,Children/Education,Male,102,62,0.607843137
Rareform,Kevin O'Leary,300000,Fashion/Beauty,Male,178,93,0.52247191
Apollo Peak,Kevin O'Leary,100000,Pet Products,Male,43,25,0.581395349
Wine & Design,Kevin O'Leary,500000,Media/Entertainment,Mixed Team,23,14,0.608695652
Bridal Buddy,Kevin O'Leary,37500,Fashion/Beauty,Female,178,93,0.52247191
benjilock,Kevin O'Leary,200000,Fitness/Sports/Outdoors,Male,101,60,0.594059406
DrainWig,Kevin O'Leary,300000,Lifestyle/Home,Mixed Team,159,98,0.616352201
WaiveCar,Kevin O'Leary,500000,Automotive,Male,12,9,0.75
Snarky Tea,Kevin O'Leary,75000,Food and Beverage,Female,202,115,0.569306931
Frywall,Kevin O'Leary,50000,Lifestyle/Home,Male,159,98,0.616352201
The Pop,Kevin O'Leary,250000,Children/Education,Female,102,62,0.607843137
RounderBum,Kevin O'Leary,150000,Fashion/Beauty,Male,178,93,0.52247191
Le-Glue,Kevin O'Leary,80000,Children/Education,Male,102,62,0.607843137
bundil,Kevin O'Leary,100000,Software/Tech,Male,63,34,0.53968254
Cup Board Pro,Kevin O'Leary,20000,Lifestyle/Home,Mixed Team,159,98,0.616352201
Pop It Pal,Kevin O'Leary,250000,Uncertain/Other,Mixed Team,9,4,0.444444444
Monti Kids,Kevin O'Leary,200000,Children/Education,Female,102,62,0.607843137
ToyBox,Kevin O'Leary,150000,Software/Tech,Mixed Team,63,34,0.53968254
HAVEN Lock,Kevin O'Leary,600000,Lifestyle/Home,Mixed Team,159,98,0.616352201
Basepaws,Kevin O'Leary,125000,Pet Products,Female,43,25,0.581395349
DeskView,Kevin O'Leary,150000,Lifestyle/Home,Male,159,98,0.616352201
BatBnB,Kevin O'Leary,100000,Lifestyle/Home,Male,159,98,0.616352201
Blueland,Kevin O'Leary,270000,Lifestyle/Home,Mixed Team,159,98,0.616352201
Boost Oxygen,Kevin O'Leary,1000000,Health/Wellness,Male,48,28,0.583333333
Aira,Kevin O'Leary,166666.6667,Software/Tech,Male,63,34,0.53968254
EZC Pak,Kevin O'Leary,125000,Health/Wellness,Male,48,28,0.583333333
The Measuring Shovel,Kevin O'Leary,20000,Lifestyle/Home,Mixed Team,159,98,0.616352201
Beardaments,Kevin O'Leary,150000,Business Services,Male,29,11,0.379310345
Krey√≤l Essence,Kevin O'Leary,400000,Health/Wellness,Mixed Team,48,28,0.583333333
Bertello,Kevin O'Leary,120000,Lifestyle/Home,Male,159,98,0.616352201
Bohana,Kevin O'Leary,200000,Food and Beverage,Female,202,115,0.569306931
Goumi,Kevin O'Leary,1000000,Children/Education,Female,102,62,0.607843137
Critter Pricker,Kevin O'Leary,115000,Lifestyle/Home,Male,159,98,0.616352201
First Saturday Lime,Kevin O'Leary,100000,Lifestyle/Home,Mixed Team,159,98,0.616352201
MC Squares,Kevin O'Leary,300000,Lifestyle/Home,Male,159,98,0.616352201
Turbobaster,Guest,35000,Food and Beverage,Female,202,115,0.569306931
Element Bars,Guest,150000,Fitness/Sports/Outdoors,Male,101,60,0.594059406
The UROClub,Guest,25000,Fitness/Sports/Outdoors,Male,101,60,0.594059406
Caffeindicator,Guest,200000,Food and Beverage,Male,202,115,0.569306931
Lipstick Remix,Guest,35000,Fashion/Beauty,Female,178,93,0.52247191
Nubrella,Guest,100000,Fashion/Beauty,Male,178,93,0.52247191
Hydromax,Guest,50000,Fitness/Sports/Outdoors,Male,101,60,0.594059406
Aldo Orta Jewelry,Guest,90000,Fashion/Beauty,Male,178,93,0.52247191
CitiKitty,Guest,100000,Pet Products,Female,43,25,0.581395349
Tree T Pee,Guest,150000,Green/CleanTech,Male,11,6,0.545454545
The Cookie Dough Cafe,Guest,50000,Food and Beverage,Female,202,115,0.569306931
Kitchen Safe,Guest,50000,Food and Beverage,Male,202,115,0.569306931
Shark Wheel,Guest,75000,Fitness/Sports/Outdoors,Male,101,60,0.594059406
the beebo,Guest,100000,Children/Education,Male,102,62,0.607843137
Foot Cardigan,Guest,125000,Fashion/Beauty,Male,178,93,0.52247191
The Two Guys Bowtie Company,Guest,75000,Fashion/Beauty,Male,178,93,0.52247191
Rent Like a Champ,Guest,100000,Software/Tech,Male,63,34,0.53968254
Hatch Baby,Guest,250000,Children/Education,Mixed Team,102,62,0.607843137
Bee Free Honee,Guest,70000,Food and Beverage,Female,202,115,0.569306931
Slyde Handboards,Guest,100000,Fitness/Sports/Outdoors,Mixed Team,101,60,0.594059406
brightwheel,Guest,300000,Children/Education,Male,102,62,0.607843137
Jack's Stands & Marketplaces,Guest,0,Children/Education,Male,102,62,0.607843137
nomiku,Guest,250000,Food and Beverage,Mixed Team,202,115,0.569306931
PopUp Play,Guest,250000,Children/Education,Mixed Team,102,62,0.607843137
Toymail,Guest,300000,Children/Education,Female,102,62,0.607843137
Locker Board,Guest,65000,Fitness/Sports/Outdoors,Mixed Team,101,60,0.594059406
Sierra Madre Research,Guest,175000,Fitness/Sports/Outdoors,Mixed Team,101,60,0.594059406
Jackson's Honest,Guest,1250000,Food and Beverage,Mixed Team,202,115,0.569306931
QBall,Guest,100000,Media/Entertainment,Male,23,14,0.608695652
IceShaker,Guest,75000,Fitness/Sports/Outdoors,Male,101,60,0.594059406
Brazyn Life,Guest,125000,Fitness/Sports/Outdoors,Male,101,60,0.594059406
No Mo-Stach,Guest,50000,Fashion/Beauty,Female,178,93,0.52247191
Snarky Tea,Guest,75000,Food and Beverage,Female,202,115,0.569306931
Glovestix,Guest,75000,Fitness/Sports/Outdoors,Female,101,60,0.594059406
Grypmat,Guest,120000,Automotive,Male,12,9,0.75
Alice's Table,Guest,125000,Business Services,Female,29,11,0.379310345
SnapClips,Guest,50000,Fitness/Sports/Outdoors,Male,101,60,0.594059406
Everytable,Guest,1000000,Food and Beverage,Male,202,115,0.569306931
Bear Bowl,Guest,100000,Lifestyle/Home,Mixed Team,159,98,0.616352201
Beyond Sushi,Guest,750000,Food and Beverage,Male,202,115,0.569306931
Cup Board Pro,Guest,20000,Lifestyle/Home,Mixed Team,159,98,0.616352201
Cave Shake,Guest,250000,Food and Beverage,Female,202,115,0.569306931
The Kombucha Shop,Guest,100000,Food and Beverage,Female,202,115,0.569306931
Vade Nutrition,Guest,350000,Food and Beverage,Mixed Team,202,115,0.569306931
Nui,Guest,300000,Food and Beverage,Male,202,115,0.569306931
Yumble,Guest,500000,Food and Beverage,Mixed Team,202,115,0.569306931
BollyX,Guest,0,Fitness/Sports/Outdoors,Male,101,60,0.594059406
Mother Beverage,Guest,400000,Food and Beverage,Mixed Team,202,115,0.569306931
Sonnet James,Guest,350000,Fashion/Beauty,Female,178,93,0.52247191
SubSafe,Guest,50000,Lifestyle/Home,Mixed Team,159,98,0.616352201
Zorpads,Guest,75000,Fashion/Beauty,Mixed Team,178,93,0.52247191
Zookies,Guest,50000,Pet Products,Male,43,25,0.581395349
Shower Toga,Guest,40000,Lifestyle/Home,Female,159,98,0.616352201
Moink Meat,Guest,400000,Food and Beverage,Female,202,115,0.569306931
Urban Float,Guest,500000,Health/Wellness,Male,48,28,0.583333333
Pricetitution,Guest,50000,Media/Entertainment,Male,23,14,0.608695652
TaDah! Foods,Guest,500000,Food and Beverage,Male,202,115,0.569306931
Knife Aid,Guest,250000,Business Services,Male,29,11,0.379310345
Tailgate N Go,Guest,250000,Fitness/Sports/Outdoors,Mixed Team,101,60,0.594059406
Gallant,Guest,250000,Pet Products,Male,43,25,0.581395349
Bala Bangles,Guest,450000,Fitness/Sports/Outdoors,Mixed Team,101,60,0.594059406
Pair Eyewear,Guest,200000,Health/Wellness,Mixed Team,48,28,0.583333333
Safety Nailer,Guest,33333.33333,Lifestyle/Home,Male,159,98,0.616352201
Yellow Leaf Hammocks,Guest,1000000,Fitness/Sports/Outdoors,Mixed Team,101,60,0.594059406